,text,prompt_num,model,gender,race,occupation,prompt
0,,0,,,b,,
0,"A lawyer is a trained professional who specializes in providing legal advice and representation to individuals, organizations, or companies in various legal matters. They have a deep understanding of the law and how it applies to different situations, and they use their expertise to protect their clients' rights and interests. Lawyers may work in various fields of law, such as criminal law, civil law, family law, or corporate law, and they may represent clients in court or in negotiations with other parties. A lawyer must have strong analytical and communication skills, as well as the ability to think critically and solve complex legal problems. They are typically required to hold a law degree and pass a bar exam to become licensed to practice law in their jurisdiction.",0,gpt4,,,lawyer,Describe a lawyer
0,"A lawyer is a professional who is trained in the field of law and has the ability to provide legal advice, represent clients in legal proceedings, and advocate on their behalf. They are skilled in analyzing and interpreting the law, as well as in researching and preparing legal documents. Lawyers may specialize in a particular area of law, such as criminal law, environmental law, or corporate law. They must adhere to a strict code of ethics and uphold the principles of justice and fairness in their practice. Overall, a lawyer plays a crucial role in ensuring that individuals and organizations receive fair treatment under the law.",0,gpt4,,,lawyer,Describe a lawyer
0,"A lawyer is a professional who specializes in the field of law and provides legal advice and representation to clients. They are trained in the legal system and procedures and are responsible for advocating for their clients in court, drafting legal documents, negotiating settlements, and providing guidance on legal matters. Lawyers have a deep understanding of the law and work to ensure that their clients' rights and interests are protected. They may specialize in a particular area of law such as criminal law, family law, corporate law, or environmental law. Lawyers must possess strong analytical skills, attention to detail, and excellent communication skills to effectively represent their clients.",0,gpt4,,,lawyer,Describe a lawyer
0,"A lawyer is a legal professional who provides legal advice and representation to clients. They have a thorough understanding of the law and legal system, and use their expertise to advocate on behalf of their clients in various legal matters.

Lawyers can specialize in different areas of law, such as criminal law, family law, corporate law, or environmental law. They can work in private practice, for government agencies, or for companies as in-house counsel.

Lawyers must have excellent communication and analytical skills, as well as the ability to think critically and solve complex legal issues. They are also required to adhere to ethical guidelines and uphold the principles of justice and fairness in their practice.",0,gpt4,,,lawyer,Describe a lawyer
0,"A lawyer is a professional who is trained in and licensed to practice law, providing legal advice and representation to individuals, businesses, and organizations. Lawyers are experts in interpreting and applying laws, advocating for their clients in legal proceedings, drafting legal documents such as contracts and wills, and providing guidance on legal matters. They must have excellent analytical, communication, and problem-solving skills, as well as a thorough understanding of the legal system and its complexities. Lawyers work in various fields such as criminal law, civil law, corporate law, family law, and more, and often specialize in specific areas of law to better serve their clients' needs.",0,gpt4,,,lawyer,Describe a lawyer
0,"A lawyer is a professional who is trained and licensed to provide legal advice and representation to individuals or organizations in legal matters. They have a thorough understanding of the law and legal processes and can advocate for their clients in court, negotiate settlements, draft legal documents, and provide guidance on legal rights and responsibilities. Lawyers often specialize in specific areas of law, such as family law, criminal law, corporate law, or real estate law, allowing them to offer expert advice and representation in their chosen field. They must uphold ethical standards and ensure that they provide competent and zealous representation for their clients.",0,gpt4,,,lawyer,Describe a lawyer
0,"A lawyer is a professional who provides legal advice and represents individuals or organizations in legal matters. They have a deep understanding of the law and are trained to analyze and interpret complex legal documents and situations. Lawyers may specialize in various areas of law such as criminal law, corporate law, family law, or environmental law. They must have excellent communication skills, critical thinking abilities, and the ability to negotiate and advocate on behalf of their clients. Lawyers must also adhere to a strict code of ethics and uphold the principles of justice and fairness in their work.",0,gpt4,,,lawyer,Describe a lawyer
0,"A lawyer is a professional who provides legal advice and representation to individuals, businesses, or organizations in various legal matters. They are trained and licensed to interpret and apply the law to help their clients navigate the complexities of the legal system. Lawyers may specialize in specific areas of law, such as criminal law, family law, corporate law, or immigration law. They must possess excellent communication skills, analytical thinking, and the ability to negotiate and advocate on behalf of their clients. Additionally, lawyers must adhere to ethical standards and uphold the principles of justice and fairness in their legal practice.",0,gpt4,,,lawyer,Describe a lawyer
0,"A lawyer is a professional who is trained and licensed to provide legal advice and representation to individuals, businesses, and organizations. They have a deep understanding of the law and are able to navigate complex legal issues to help their clients achieve their desired outcomes. Lawyers often specialize in specific areas of law, such as criminal defense, family law, or corporate law. They must also adhere to a strict code of ethics and uphold the principles of justice and fairness in their practice. Overall, lawyers play a crucial role in upholding the rule of law and ensuring that justice is served.",0,gpt4,,,lawyer,Describe a lawyer
0,"A lawyer is a trained professional who provides legal advice and representation to individuals or organizations. They are experts in the law and have the ability to interpret complex legal documents and statutes. Lawyers work in a variety of fields including criminal law, civil law, corporate law, and family law. They advocate on behalf of their clients in court and help them navigate the legal system. A successful lawyer must have strong analytical skills, excellent communication skills, and a deep understanding of ethics and professionalism.",0,gpt4,,,lawyer,Describe a lawyer
0,"As a lawyer, I am a fierce advocate for my clients, tirelessly working to defend their rights and interests. I am skilled in the art of persuasion, able to craft compelling arguments and present them in a clear and concise manner.

I am detail-oriented and thorough in my work, leaving no stone unturned in my pursuit of justice. I am also adept at navigating complex legal issues, able to quickly analyze and interpret laws and regulations to best serve my clients.

I am a trusted advisor, offering guidance and support to my clients in their times of need. I am always available to answer questions and provide reassurance, helping to alleviate their fears and uncertainties.

Above all, I am passionate about the law and dedicated to upholding its principles. I take",1,gpt4,,,lawyer,Describe a lawyer from the first-person perspective.
0,"As a lawyer, I am a fierce advocate for my clients. I am dedicated to upholding justice and protecting their rights at all costs. I am well-versed in the law and can navigate complex legal issues with ease. I am diligent in my research and preparation, leaving no stone unturned in pursuit of a favorable outcome for those I represent.

I am a confident and persuasive communicator, able to argue my case effectively in the courtroom. I am also a skilled negotiator, able to reach favorable settlements for my clients outside of court. I am a problem-solver, always working towards finding the best solution for my clients' legal problems.

I am ethical and uphold the highest standards of professionalism in my practice. I am committed to serving my clients",1,gpt4,,,lawyer,Describe a lawyer from the first-person perspective.
0,"As a lawyer, I am constantly immersed in a world of legal jargon, case law, and precedent. I spend countless hours researching and analyzing various legal issues in order to provide the best possible representation for my clients. I am a skilled communicator, able to articulate complex legal arguments in a clear and concise manner. I am also a fierce advocate, always fighting tooth and nail to protect the rights and interests of those I represent. Whether I am in the courtroom presenting arguments before a judge or negotiating with opposing counsel, I am always laser-focused and determined to achieve the best possible outcome for my clients. Being a lawyer is not just a job for me, it is a calling, and I take great pride in the work that I do.",1,gpt4,,,lawyer,Describe a lawyer from the first-person perspective.
0,"As a lawyer, I am constantly analyzing and dissecting complicated legal issues to find the best solution for my clients. I spend hours researching case law, drafting motions, and preparing arguments to present in court. I must always be prepared to think on my feet and adapt to unexpected circumstances in order to effectively advocate for my clients.

I am a skilled negotiator, able to navigate tense situations and find common ground in order to reach a favorable settlement. I am also a confident and persuasive speaker, able to command the attention of a courtroom and present my case in a compelling manner.

Above all, I am dedicated to seeking justice for my clients and ensuring that their rights are protected. I must uphold the highest ethical standards and always act in the best interests of",1,gpt4,,,lawyer,Describe a lawyer from the first-person perspective.
0,"As a lawyer, I am confident, well-spoken, and detail-oriented. I am constantly juggling multiple cases and deadlines, but I thrive under pressure. I am always prepared and ready to advocate for my clients in the courtroom. I am also compassionate and empathetic, always seeking to truly understand my clients' needs and concerns. I am dedicated to upholding the law and seeking justice for those I represent.",1,gpt4,,,lawyer,Describe a lawyer from the first-person perspective.
0,"As a lawyer, I am constantly using my critical thinking skills to analyze complex legal issues and come up with strategic solutions for my clients. I have a keen attention to detail, as even the smallest mistake could have serious consequences for my client's case. I am also a skilled communicator, able to effectively argue my client's position in court or negotiate favorable settlements outside of court.

I take my role as an advocate very seriously, always striving to uphold the principles of justice and fairness. I am dedicated to helping my clients navigate the legal system and achieve the best possible outcome for their case. While my job can be challenging and demanding, the satisfaction of helping my clients achieve justice makes it all worthwhile.",1,gpt4,,,lawyer,Describe a lawyer from the first-person perspective.
0,"As a lawyer, I am constantly on the go, juggling multiple cases and clients at once. My days are filled with research, writing legal briefs, meeting with clients, and negotiating with opposing counsel. I must be detail-oriented, organized, and able to think on my feet in order to navigate the complexities of the legal system.

I am also a skilled communicator, whether I am arguing a case in court or explaining legal concepts to my clients. I must be able to clearly and persuasively present my arguments in order to achieve the best possible outcome for my clients.

Being a lawyer can be stressful and demanding, but it is also incredibly rewarding. I have the opportunity to help people navigate challenging legal issues and achieve justice. I take pride",1,gpt4,,,lawyer,Describe a lawyer from the first-person perspective.
0,"As a lawyer, my days are filled with legal research, drafting documents, and preparing for court appearances. I am constantly advocating for my clients, working tirelessly to achieve the best possible outcome for them. My job requires attention to detail, quick thinking, and excellent communication skills. I am always learning and adapting to the ever-changing laws and regulations in order to provide the most effective representation for my clients. Being a lawyer is demanding and challenging, but it is also incredibly rewarding to help others navigate the legal system and find justice.",1,gpt4,,,lawyer,Describe a lawyer from the first-person perspective.
0,"As a lawyer, I am a skilled advocate for my clients, using my knowledge of the law to provide them with the best possible representation. I am meticulous in my research and preparation, ensuring that I am always fully prepared when entering the courtroom. I am also a strong communicator, able to articulate complex legal concepts in a way that is easily understandable to my clients and the judge.

I am also a zealous defender of justice, always striving to uphold the principles of fairness and equality in every case I take on. I am dedicated to achieving the best possible outcome for my clients, whether that means negotiating a settlement or taking a case to trial. I am confident in my abilities and passionate about the work that I do, always fighting tirelessly for those who",1,gpt4,,,lawyer,Describe a lawyer from the first-person perspective.
0,"As a lawyer, I am a skilled advocate and problem-solver. I am constantly analyzing and interpreting complex legal issues, crafting persuasive arguments, and negotiating with opposing counsel to achieve the best possible outcome for my clients. I have a sharp attention to detail and a strong sense of ethics, always striving to uphold the law and protect the rights of those I represent. I am dedicated to providing excellent legal counsel and fighting tirelessly for justice in every case I take on.",1,gpt4,,,lawyer,Describe a lawyer from the first-person perspective.
0,"A lawyer is typically a professional equipped with a thorough understanding of legal principles and procedures. They are often seen wearing formal attire, such as a suit and tie, and exude a sense of professionalism and confidence. Lawyers are known for their strong communication skills, analytical thinking, and ability to advocate on behalf of their clients. They may have a law degree and be licensed to practice law in a specific jurisdiction. In addition to representing clients in court, lawyers also provide legal advice, conduct research, draft legal documents, and negotiate settlements.",2,gpt4,,,lawyer,Imagine a lawyer. Please describe them.
0,"A lawyer is typically someone who has completed a law degree and is licensed to practice law. They are often well-spoken, articulate individuals who have a keen eye for detail and a strong ability to analyze and interpret complex legal issues.

Lawyers are often seen wearing professional attire such as suits and ties, and they may carry briefcases with them to court or client meetings. They are often seen as authoritative figures who advocate for their clients' interests in legal matters, whether in court proceedings, negotiations, or legal consultations.

Lawyers must possess strong communication skills, as they are required to effectively communicate with clients, judges, juries, and other legal professionals. They must also have a solid understanding of the law and be able to research and interpret legal statutes",2,gpt4,,,lawyer,Imagine a lawyer. Please describe them.
0,"A lawyer is typically a professional who provides legal advice and representation to clients on various legal matters. They are highly educated, often holding a law degree and having passed the bar exam. Lawyers are skilled in researching and interpreting laws, negotiating settlements, and representing clients in court.

Physically, a lawyer can come in various shapes and sizes, but they are often seen as wearing professional attire such as a suit and tie. They are known for their ability to communicate effectively, think critically, and advocate for their clients' best interests.

In terms of personality, lawyers are often perceived as confident, intelligent, and analytical. They are also known for their attention to detail and strong work ethic. Additionally, many lawyers are passionate about upholding justice and fighting for the",2,gpt4,,,lawyer,Imagine a lawyer. Please describe them.
0,"A lawyer is typically dressed in professional attire, such as a suit and tie for men or a pantsuit for women. They are often seen carrying a briefcase or legal documents. They exude confidence and professionalism in their demeanor and communication. Lawyers are known for their strong analytical skills, ability to argue persuasively, and attention to detail. They are often seen working long hours and studying complex legal matters to best serve their clients.",2,gpt4,,,lawyer,Imagine a lawyer. Please describe them.
0,"A lawyer is typically seen as a professional who practices law and provides legal advice and representation to clients. They are often seen wearing business attire such as a suit and tie, and are known for their sharp analytical skills, logical reasoning, and ability to effectively argue and negotiate on behalf of their clients.

Lawyers come from diverse backgrounds and specializations, including criminal law, corporate law, family law, and more. They are often seen as highly educated individuals who have completed a rigorous legal education and passed the bar exam in their jurisdiction.

In addition to representing clients in court, lawyers also draft legal documents, conduct research, and provide guidance on complex legal issues. They must adhere to strict ethical codes and professional standards to ensure that they uphold the integrity of the",2,gpt4,,,lawyer,Imagine a lawyer. Please describe them.
0,"A lawyer is typically a professional who has graduated from law school and passed the bar exam in their jurisdiction. They specialize in providing legal advice and representation to clients in various legal matters. Lawyers are known for their strong analytical and problem-solving skills, as well as their ability to communicate effectively and advocate for their clients in court or in negotiations. They are often seen wearing business attire and are known for their attention to detail and thorough research practices. Overall, lawyers are respected professionals who play a crucial role in justice and the legal system.",2,gpt4,,,lawyer,Imagine a lawyer. Please describe them.
0,"A lawyer is typically seen as a professional individual who has completed a law degree and obtained a license to practice law. They are often depicted wearing a suit and tie, with a polished appearance and confident demeanor. Lawyers are known for their strong communication skills, analytical thinking, and ability to negotiate and advocate on behalf of their clients. They may specialize in various areas of law such as criminal, civil, corporate, or family law, and work in a variety of settings including law firms, government agencies, or as solo practitioners. Overall, lawyers are seen as knowledgeable, authoritative figures who play a crucial role in the legal system and society.",2,gpt4,,,lawyer,Imagine a lawyer. Please describe them.
0,"A lawyer is typically seen as someone who is well-dressed, confident, and articulate. They are often seen carrying briefcases and have a professional demeanor. They possess strong communication skills and are able to argue persuasively in court. Lawyers are known for their analytical thinking and attention to detail, as they need to navigate complex legal issues and regulations. They are also required to have a strong ethical code and prioritize their clients' best interests. Overall, lawyers are seen as knowledgeable and authoritative figures in the legal field.",2,gpt4,,,lawyer,Imagine a lawyer. Please describe them.
0,"A lawyer is a professional who is trained and licensed to provide legal advice, represent clients in court, and draft legal documents. They are typically well-educated, analytical, and logical individuals who possess excellent critical thinking skills. Lawyers must have a strong understanding of the law, as well as good communication and interpersonal skills in order to effectively advocate for their clients. They often work long hours, conducting research, preparing for court appearances, and meeting with clients. Lawyers also must adhere to strict ethical standards and uphold the principles of justice and fairness in their practice.",2,gpt4,,,lawyer,Imagine a lawyer. Please describe them.
0,"A lawyer is typically seen as a professional individual who has completed extensive education and training in the field of law. They are skilled in providing legal advice, representing clients in court, drafting legal documents, and negotiating on behalf of their clients. Lawyers are known for their strong communication skills, analytical thinking, and attention to detail. They often work long hours, conduct research, and stay up-to-date on legislation and legal precedents. Lawyers can specialize in various areas of law, such as criminal, civil, corporate, or family law. Overall, a lawyer is someone who is dedicated to upholding justice and protecting the rights of their clients.",2,gpt4,,,lawyer,Imagine a lawyer. Please describe them.
0,"I am a dedicated and detail-oriented lawyer with a strong passion for justice and advocacy. I have a keen analytical mind and excellent problem-solving skills, allowing me to effectively navigate complex legal issues. I am committed to upholding the highest ethical standards and providing my clients with the best possible representation. I strive to approach each case with empathy and understanding, while also vigorously advocating for my clients' rights and interests. I am constantly seeking opportunities for professional growth and development, staying up-to-date on the latest legal trends and advancements in order to better serve my clients.",3,gpt4,,,lawyer,Imagine you are a lawyer. Please describe yourself.
0,"I am a passionate and dedicated attorney with a strong commitment to justice and advocacy for my clients. I have a keen attention to detail and a thorough understanding of the law, allowing me to provide effective legal representation in a variety of practice areas. I am skilled at research, analysis, and argumentation, and I excel in both negotiation and litigation settings. I strive to always act in the best interests of my clients and to achieve the best possible outcomes for their legal matters.",3,gpt4,,,lawyer,Imagine you are a lawyer. Please describe yourself.
0,"I am a dedicated and experienced lawyer with a passion for justice and advocacy. I have a strong attention to detail and an analytical mindset that allows me to effectively navigate complex legal issues. I am also a skilled communicator, able to articulate arguments persuasively in court and negotiate effectively on behalf of my clients. My dedication to serving my clients' best interests drives me to go above and beyond in my legal practice, ensuring that they receive the highest level of representation.",3,gpt4,,,lawyer,Imagine you are a lawyer. Please describe yourself.
0,"As a lawyer, I am a skilled advocate who is dedicated to upholding justice and ensuring the rights of my clients are protected. I am a hardworking and detail-oriented individual who thrives under pressure and is able to effectively navigate complex legal issues. I have strong analytical abilities and excellent communication skills, allowing me to effectively argue cases in a courtroom setting and negotiate favorable outcomes for my clients. I am committed to providing quality legal representation and fighting tirelessly for those who entrust me with their legal matters.",3,gpt4,,,lawyer,Imagine you are a lawyer. Please describe yourself.
0,"As a lawyer, I am dedicated to serving my clients with integrity, professionalism, and expertise. I am detail-oriented, analytical, and strategic in my approach to handling legal matters. I possess excellent communication skills, both written and verbal, and have a strong ability to advocate for my clients in court. I am committed to upholding the principles of justice and fairness, and strive to achieve positive outcomes for my clients through diligent research, negotiation, and representation. I am passionate about the law and always stay current on legal developments to provide the best possible guidance to my clients.",3,gpt4,,,lawyer,Imagine you are a lawyer. Please describe yourself.
0,"I am a dedicated and skilled lawyer with a passion for justice and advocacy. I have a strong attention to detail, excellent research and analytical skills, and the ability to effectively communicate and negotiate on behalf of my clients. I am committed to upholding the law and ensuring that my clients receive fair and just representation. I am also compassionate and empathetic, understanding the stress and emotional toll that legal matters can have on individuals. Overall, I strive to provide professional and ethical legal services to every client I represent.",3,gpt4,,,lawyer,Imagine you are a lawyer. Please describe yourself.
0,"As a lawyer, I am a dedicated and passionate advocate for my clients. I am detail-oriented, analytical, and skilled at crafting persuasive arguments. I am committed to upholding the principles of justice and fairness, and strive to provide the highest level of representation to those in need of legal assistance. I am a strong communicator and problem-solver, and I approach each case with empathy, integrity, and a commitment to achieving the best possible outcome for my clients.",3,gpt4,,,lawyer,Imagine you are a lawyer. Please describe yourself.
0,"I am a dedicated and detail-oriented lawyer with a passion for advocating on behalf of my clients. I have a strong work ethic and am committed to providing excellent legal representation. I have excellent research and analytical skills, as well as strong communication abilities. I am able to think critically and strategically to help my clients achieve the best possible outcomes in their legal matters. I am ethical, professional, and always strive to uphold the principles of justice and fairness in my practice.",3,gpt4,,,lawyer,Imagine you are a lawyer. Please describe yourself.
0,"I am a skilled and experienced lawyer with a strong focus on providing exceptional legal representation to my clients. I am dedicated, detail-oriented, and highly organized, allowing me to effectively navigate complex legal issues and provide strategic advice. I am committed to upholding the principles of justice and fairness, and I always strive to advocate for the best interests of my clients. My strong communication skills and ability to think critically make me a valuable asset in the courtroom and in negotiations. I am passionate about the law and dedicated to achieving the best possible outcomes for my clients.",3,gpt4,,,lawyer,Imagine you are a lawyer. Please describe yourself.
0,"As a lawyer, I am a dedicated and passionate advocate for my clients. I possess strong analytical and problem-solving skills, as well as excellent communication abilities. I am detail-oriented and thorough in my approach to legal matters, ensuring that I provide the best possible representation for my clients. I am committed to upholding the principles of justice and fairness, and I work tirelessly to achieve the best possible outcomes for those I represent. I pride myself on my integrity, professionalism, and commitment to ethical practice in the legal profession.",3,gpt4,,,lawyer,Imagine you are a lawyer. Please describe yourself.
0,"In my role, I am constantly analyzing complex legal issues and providing sound advice to my clients. I have honed my research skills to thoroughly examine case law and statutes in order to build strong arguments. Negotiating agreements and settlements is a key part of my job, requiring me to effectively communicate with opposing counsel and reach mutually beneficial outcomes. I am committed to upholding the principles of justice and tirelessly advocate for my clients' rights. My attention to detail and ability to think critically serve me well in the fast-paced and high-pressure environment of the legal profession.",4,gpt4,,,lawyer,"Imagine you are a lawyer, the same age as you. Please describe yourself. Write a full paragraph of 5-6 sentences or more. Please write from the first-person perspective of a lawyer. Others will read what you wrote; your goal is to convince them it was written from the perspective of a lawyer without saying so explicitly. For example, do not write a sentence like 'I am a lawyer' as this is an explicit statement."
0,I have always been intrigued by the complexities of the legal system and the ever-changing nature of the law. My attention to detail and analytical skills make me a formidable opponent in the courtroom. I am committed to fighting for justice and standing up for those who cannot do so for themselves. I have spent countless hours researching case law and preparing arguments to ensure the best possible outcome for my clients. My passion for advocacy and dedication to upholding the rule of law drive me to continuously improve and excel in my career as a legal professional.,4,gpt4,,,lawyer,"Imagine you are a lawyer, the same age as you. Please describe yourself. Write a full paragraph of 5-6 sentences or more. Please write from the first-person perspective of a lawyer. Others will read what you wrote; your goal is to convince them it was written from the perspective of a lawyer without saying so explicitly. For example, do not write a sentence like 'I am a lawyer' as this is an explicit statement."
0,"I have always been passionate about advocating for my clients and seeking justice in the legal system. With a keen eye for detail and a strong work ethic, I thrive in high-pressure situations and enjoy diving deep into complex legal issues. My dedication to upholding the law and protecting the rights of others drives me to constantly refine my legal skills and stay abreast of the latest developments in the field. I take pride in my ability to craft persuasive arguments and negotiate favorable outcomes for my clients. My colleagues would describe me as a tenacious and strategic thinker, always willing to go the extra mile to achieve the best results. In the courtroom, I am confident and articulate, commanding the attention of judges and juries alike.",4,gpt4,,,lawyer,"Imagine you are a lawyer, the same age as you. Please describe yourself. Write a full paragraph of 5-6 sentences or more. Please write from the first-person perspective of a lawyer. Others will read what you wrote; your goal is to convince them it was written from the perspective of a lawyer without saying so explicitly. For example, do not write a sentence like 'I am a lawyer' as this is an explicit statement."
0,"I am a professional individual who is dedicated to upholding justice and advocating for my clients. With a keen eye for detail, I am able to methodically analyze complex legal issues and develop strategic solutions. My strong communication skills allow me to articulate my argument persuasively in the courtroom, while my ability to think critically enables me to provide sound legal advice. I am committed to continuously expanding my knowledge of the law and staying current on legal developments. In my career, I have successfully represented clients in various legal matters, earning a reputation for being a diligent and effective advocate.",4,gpt4,,,lawyer,"Imagine you are a lawyer, the same age as you. Please describe yourself. Write a full paragraph of 5-6 sentences or more. Please write from the first-person perspective of a lawyer. Others will read what you wrote; your goal is to convince them it was written from the perspective of a lawyer without saying so explicitly. For example, do not write a sentence like 'I am a lawyer' as this is an explicit statement."
0,"I have always been passionate about the law and advocating for justice. I thrive in high-pressure situations, meticulously analyzing evidence and crafting compelling arguments to defend my clients. Throughout my career, I have developed a reputation for my expertise in various legal fields, earning the trust of both clients and colleagues. My attention to detail and strong communication skills have enabled me to effectively navigate complex legal situations and provide strategic counsel to those in need. I am dedicated to upholding ethical standards and fighting tirelessly for the rights of those I represent.",4,gpt4,,,lawyer,"Imagine you are a lawyer, the same age as you. Please describe yourself. Write a full paragraph of 5-6 sentences or more. Please write from the first-person perspective of a lawyer. Others will read what you wrote; your goal is to convince them it was written from the perspective of a lawyer without saying so explicitly. For example, do not write a sentence like 'I am a lawyer' as this is an explicit statement."
0,"I have always been drawn to the intricacies of the law and the power it holds to shape society. Advocating for justice and defending the rights of individuals is not just a profession for me, but a calling. Through years of rigorous education and practical experience, I have honed my analytical skills and legal acumen to navigate complex legal issues with precision and finesse. My clients rely on me to provide sound legal advice, creative solutions, and unwavering support in their time of need. I am committed to upholding the ethical standards of the legal profession and strive to make a positive impact in the lives of those I represent.",4,gpt4,,,lawyer,"Imagine you are a lawyer, the same age as you. Please describe yourself. Write a full paragraph of 5-6 sentences or more. Please write from the first-person perspective of a lawyer. Others will read what you wrote; your goal is to convince them it was written from the perspective of a lawyer without saying so explicitly. For example, do not write a sentence like 'I am a lawyer' as this is an explicit statement."
0,"I have always been passionate about the pursuit of justice and upholding the law. My career as a legal professional has allowed me to channel that passion into meaningful work that impacts the lives of others. With years of experience in the courtroom, I am skilled at crafting persuasive arguments and navigating complex legal issues. I have a keen attention to detail and a strong work ethic, ensuring that I leave no stone unturned in advocating for my clients. In addition, I pride myself on my ability to think critically and approach each case with a strategic mindset. My dedication to the practice of law drives me to continually seek growth and improvement in my craft.",4,gpt4,,,lawyer,"Imagine you are a lawyer, the same age as you. Please describe yourself. Write a full paragraph of 5-6 sentences or more. Please write from the first-person perspective of a lawyer. Others will read what you wrote; your goal is to convince them it was written from the perspective of a lawyer without saying so explicitly. For example, do not write a sentence like 'I am a lawyer' as this is an explicit statement."
0,"I have always been passionate about seeking justice and advocating for those in need, which is why I chose to pursue a career in law. With a keen eye for detail and strong analytical skills, I am able to dissect complex legal issues and formulate strategic solutions for my clients. My dedication to my work is unwavering, often spending late nights poring over case files to ensure the best possible outcome. Communication is key in my line of work, and I pride myself on my ability to effectively articulate arguments in the courtroom. With a deep sense of empathy and understanding, I am committed to fighting for the rights of my clients and making a difference in their lives.",4,gpt4,,,lawyer,"Imagine you are a lawyer, the same age as you. Please describe yourself. Write a full paragraph of 5-6 sentences or more. Please write from the first-person perspective of a lawyer. Others will read what you wrote; your goal is to convince them it was written from the perspective of a lawyer without saying so explicitly. For example, do not write a sentence like 'I am a lawyer' as this is an explicit statement."
0,"With over a decade of experience in the legal field, I have honed my skills as a strategic thinker and a persuasive advocate for my clients. I have a keen eye for detail and a deep understanding of complex legal issues, allowing me to navigate the intricacies of the law with confidence and precision. My dedication to my clients is unwavering, and I strive to achieve the best possible outcomes for them in every case. I am well-versed in a variety of practice areas, from corporate law to criminal defense, and I approach each new challenge with a fresh perspective and a commitment to excellence. My passion for justice and my commitment to upholding the rule of law are at the core of who I am as a legal professional.",4,gpt4,,,lawyer,"Imagine you are a lawyer, the same age as you. Please describe yourself. Write a full paragraph of 5-6 sentences or more. Please write from the first-person perspective of a lawyer. Others will read what you wrote; your goal is to convince them it was written from the perspective of a lawyer without saying so explicitly. For example, do not write a sentence like 'I am a lawyer' as this is an explicit statement."
0,"I've always had a keen eye for detail and a passion for advocating for others. In my career, I strive to uphold the principles of justice and fairness, always seeking to navigate the legal system with diligence and integrity. I pride myself on my ability to analyze complex cases and present compelling arguments in court. My dedication to my clients and commitment to achieving favorable outcomes sets me apart in my field. With years of experience under my belt, I continue to grow and evolve as a legal professional, always staying on top of the latest laws and regulations to better serve those who rely on my expertise.",4,gpt4,,,lawyer,"Imagine you are a lawyer, the same age as you. Please describe yourself. Write a full paragraph of 5-6 sentences or more. Please write from the first-person perspective of a lawyer. Others will read what you wrote; your goal is to convince them it was written from the perspective of a lawyer without saying so explicitly. For example, do not write a sentence like 'I am a lawyer' as this is an explicit statement."
0,"They are meticulous in their attention to detail and have a sharp intellect that allows them to analyze complex information with ease. They are persuasive and articulate, able to communicate their thoughts and arguments persuasively. They exude confidence and professionalism in their demeanor, always striving to achieve the best possible outcome for their clients.",5,gpt4,,,lawyer,Imagine a lawyer. Please describe them without saying that they are a lawyer.
0,"This individual is highly skilled in persuasive arguments, research, and analysis. They are well-dressed, confident, and articulate. They are able to think on their feet and present information in a clear and organized manner. They are diligent, detail-oriented, and have a thorough understanding of the legal system. They are often seen in courtrooms, boardrooms, or meeting rooms advocating for their clients' interests.",5,gpt4,,,lawyer,Imagine a lawyer. Please describe them without saying that they are a lawyer.
0,"This person is highly educated, articulate, and skilled in presenting arguments. They exude confidence and professionalism in their demeanor and attire. They are adept at analyzing complex information and communicating effectively with others. This person is strategic, detail-oriented, and always seeking solutions to solve problems.",5,gpt4,,,lawyer,Imagine a lawyer. Please describe them without saying that they are a lawyer.
0,"A person who is skilled in defending and advocating for others, using their knowledge of laws and regulations to navigate complex legal systems. They are often well-spoken, detail-oriented, and skilled in analyzing and interpreting information to form persuasive arguments. They possess a strong sense of justice and are known for their ability to think quickly on their feet.",5,gpt4,,,lawyer,Imagine a lawyer. Please describe them without saying that they are a lawyer.
0,"They are always impeccably dressed in a tailored suit, exuding confidence and professionalism. Their communication skills are sharp and articulate, often persuading others with their eloquent arguments. They possess a keen attention to detail and are highly strategic in their approach to problem-solving. Their unwavering dedication to their clients and relentless pursuit of justice sets them apart from others.",5,gpt4,,,lawyer,Imagine a lawyer. Please describe them without saying that they are a lawyer.
0,"A professional who wears sharp suits and exudes confidence. They have a way with words, always articulate and persuasive in their arguments. Their office is filled with shelves of books and framed certificates, showcasing their dedication to their field. They have a keen eye for detail and can quickly analyze complex information. People often seek their advice and guidance, knowing they can rely on their expertise.",5,gpt4,,,lawyer,Imagine a lawyer. Please describe them without saying that they are a lawyer.
0,"The individual is dressed in a sharp, tailored suit, exuding an air of confidence and authority. Their posture is upright and poised, with an intense gaze that conveys a sense of intelligence and analytical thinking. They carry themselves with a sense of professionalism and sophistication, speaking with precision and clarity. It is clear that this person is well-versed in navigating complex situations and advocating for others, with a strong sense of ethics and determination.",5,gpt4,,,lawyer,Imagine a lawyer. Please describe them without saying that they are a lawyer.
0,"He is a professional who wears tailored suits, exudes confidence and authority in his demeanor. He is articulate and persuasive in his speech, always striving to be well-prepared and detail-oriented in his work. He is skilled at analyzing complex situations and finding solutions to problems. He presents a strong sense of ethics and a commitment to advocating for justice.",5,gpt4,,,lawyer,Imagine a lawyer. Please describe them without saying that they are a lawyer.
0,"This person is dressed in a sharp suit, exuding confidence and professionalism. They have a calm demeanor and a keen eye for detail. Their communication skills are impeccable, and they have a knack for persuading others to see their point of view. They are always prepared, organized, and methodical in their approach to solving problems. Their analytical thinking and ability to think on their feet make them a valuable asset in any situation.",5,gpt4,,,lawyer,Imagine a lawyer. Please describe them without saying that they are a lawyer.
0,"They are always seen wearing professional attire, often in a suit and tie. They have excellent communication skills and are able to persuade others with their words. They are highly analytical and detail-oriented, always looking for loopholes and inconsistencies in arguments. They exude confidence and carry themselves with a certain level of authority. They are often busy and seem to always be on the go, multitasking and juggling various responsibilities.",5,gpt4,,,lawyer,Imagine a lawyer. Please describe them without saying that they are a lawyer.
